se_min,se_q50,se_q95,se_q99,se_max
1e-6,0.0010821789321789304,0.04004329004329003,33.58834163897661,935277.2141894894
