k,beta_hat,beta_se,QE,QEp,tau2_resid,sigma2,sigma2_names,I2_overall
1293,0.04093598131787568,0.018462785157770136,114804.60353226024,0,0,0;0.000356;0.012706,study_num;study_num/substudy_num;g_sp,NA
