component,estimate_asinh,ci_lb_asinh,ci_ub_asinh,estimate,ci_lower,ci_upper
fixed_effect,2.9676513188701,2.3528316098527347,3.5824710278874656,9.697384532415619,5.210101673885023,17.967244038531344
