term,type,estimate,std.error,statistic,p.value
overall,summary,2.038730136400783,0.30745801584890814,6.630922048890933,3.335963825863124e-11
