k,v_floor,V_min,V_q05,V_med,V_q95,V_max
147,3.4937213498250266e-8,3.493721349825026e-5,0.00829086787420181,0.9999226554454227,0.9999999999984825,1
