substudy_num,study_num,g_sp,beta,vi,sei
54,16,Tautogolabrus_adspersus,0.02882483704169582,874017271576.1565,934888.9086817516
54,16,Tautogolabrus_adspersus,0.02882483704169582,874017271576.1565,934888.9086817516
54,16,Tautogolabrus_adspersus,0.02882483704169582,874017271576.1565,934888.9086817516
