k,beta_hat,beta_se,QE,QEp,tau2_resid,sigma2,sigma2_names,I2_overall
1293,0.04026758592191115,0.017862156250578364,114990.82240000195,0,0,0;0.000375;0.011881,study_num;study_num/substudy_num;g_sp,NA
