label,k,intercept_asinh,intercept_se_asinh,ci_lb_asinh,ci_ub_asinh,mean_beta_raw,ci_lb_beta_raw,ci_ub_beta_raw,QE,QEp,I2_overall,tau2_components,tau2_names,egger_full_z,egger_full_p,egger_full_n,egger_zoom95_z,egger_zoom95_p,egger_zoom95_n,trimfill_k0,loso_mu_min_asinh,loso_mu_max_asinh,loso_mu_min_raw,loso_mu_max_raw
baseline_beta_asinh,1293,0.04026758592191115,0.017862156250578364,0.005225575640626527,0.07530959620319577,0.040278468974847485,0.005225599422811809,0.07538080323149042,114990.82240000195,0,NA,0;0.000375;0.011881,study_num;study_num/substudy_num;g_sp,176.4161641239805,0,1293,42.58305961864559,0,1237,522,1.1193529665381046e-5,0.02201688594309194,1.1193529665614795e-5,0.022018664742406626
