df,AIC
3,581.4603805224853
4,574.763042788083
