df,AIC
3,580.186809689288
4,572.6870769040095
