metric,estimate,P_value
Pagels_lambda,0.7203058208636346,0.011801952033141175
Blomberg_K,0.5354747480712299,0.1560000000000001
