set,beta_hat,ci_lo,ci_hi,p_predators
Paired only (absent),9.550272662443207,-0.7682039647069425,372.1850391609132,NA
Paired only (present),214.52509467328255,5.472266137385424,8340.894079801861,9.595981021337635e-4
