Z_score,P_value
2.1075333287932905,0.035071375848013606
