parameter,estimate,ci.lb,ci.ub
sigma^2.3,4.215302592977345,0.5128305275238916,15.093853476464284
sigma.3,2.0531202090908716,0.7161218663913926,3.88508088415985
