logLik_no_phylo,logLik_phylo,LRT,df,p_chisq_df1,p_boundary_mixture
-287.7301902612426,-283.3815213940415,8.697337734402254,1,0.003186751469063841,0.0015933757345319205
