Z_score,P_value
2.053120209090872,0.040060920430881684
