level,variance,proportion
study,3.606818953692462e-8,NA
substudy,9.710874486872052,0.697310857903946
species,4.215302592977345,0.302689142096054
