level,variance,proportion
study,4.786662884021691e-8,NA
substudy,8.588711574621577,0.6591283536582577
species,4.441696731974527,0.34087164634174216
