component,variance,percent
within_species,75373.97249945294,79.84383420428105
among_species,35677.0728178722,37.792810866973014
total,94401.74466898479,100
