g_sp,within_var,among_var,pct_within,pct_among
Halichoeres_garnoti,1517.1585213536162,17838.5364089361,7.838305608854249,92.16169439114576
Thalassoma_bifasciatum,159998.49683461693,17838.5364089361,89.96916666704303,10.030833332956977
