component,variance,percent
within_species,75373.97249945294,67.87326700444287
among_species,35677.0728178722,32.126732995557134
